,Unnamed: 0,id_str,label,raw_text
0,0,1240963977275899904,Comment,
1,1,1231939639017197568,Comment,
2,2,1240567998731165696,Comment, 
3,3,1242207071438811136,Unrelated,
4,4,1239294527816503296,Unrelated,
5,5,1244673429812457472,Comment,
6,6,1242081255354744832,Support,
7,7,1240555505539522560,Support,
8,8,1243457884450676736,Unrelated,
9,9,1240247937638293504,Support,"Wir hatten einen Todesfall in der Familie in England. Die Regierung unternimmt nicht viel. Die Familie ist zwar unter Quarant√§ne, Kontaktpersonen aber nicht ü§¶üèª‚Äç‚ôÄÔ∏è coronavirus unbelievableUK"
10,10,1239589041772933120,Comment,
11,11,1246589885227687936,Support,"Corona-Krise: ‚ÄûDas geht zu weit‚Äú ‚Äì¬†Linke und Gr√ºne kritisieren Reiseverbote via <USERNAME>
Ausgerechnet!!!
Ganz ehrlich???
Ihr seid nicht mehr dicht im Kopp...
Bei Stand von wievielen Toten geht euch das nicht mehr zu weit???
Flachzangen!!!"
12,12,1239599590376181760,Unrelated,
13,13,1241441871638953984,Comment,"Hoffentlich bekommen Wir keine bzw wird eine Ausgangssperre nicht n√∂tig! Sch√∂ner w√§re wenn alle sich an Corona Regeln halten!!Was mich anf√§ngt zu nerven, das bestimmte Leute, gerade Die, Die sonst wenig einkaufen,Hamstern wie bl√∂d!! Leute das ist Unsosozial!Absolut Egoistisch!"
14,14,1246360452424069120,Comment,
15,15,1239855728988479488,Support,"Eine der vielf√§ltigen Einsatzm√∂glichkeiten von Visualisierung, in dem Fall zur Verdeutlichung des wichtigen Beitrages, den socialdistancing in solchen Ausnahmesituationen leistet. COVID19 StayAtHome iorestoacasa 
"
16,16,1241672919299821568,Unrelated,"Achten Sie bitte auch auf Fundtiere. WICHTIG: Der Coronavirus wird von Mensch zu Mensch √ºbertragen, nicht von Fledermaus zu Mensch! Was zu tun ist, wenn eine Fledermaus gefunden wird, schauen Sie bitte hier: Flederm√§use BUND Corona WirBleibenZuhause "
17,17,1249232384312184832,Comment,"weil er beim lockdown hintendran war, will laschet nun beim rebounden vornedran sein. "
18,18,1241454537531064320,Support," Wenn man sagen k√∂nnte, dass <USERNAME> rechtzeitig wichtige Ma√ünahmen gegen das coronavirus in die Wege leiten wollte, die dann an den L√§ndern gescheitert w√§ren, k√∂nnte ich das nachvollziehen. So aber scheint es um ganz andere Dinge zu gehen ü§î"
19,19,1254113613616427008,Comment,"Wegen Corona-Lockdown k√∂nnen Bienen in vielen L√§ndern Plantagen nicht best√§uben. Bienenv√∂lker verhungern, Ernteverluste drohen. Wieder zeigt sich, wie wichtig eine Agrarwende weg von industr. Landwirtschaft hin zu lokaler, kleinfl√§chiger Produktion ist."
20,20,1244365913278873600,Comment,
21,21,1241796813159649280,Comment,
22,22,1253699386699374592,Unrelated,
23,23,1250002178951036928,Comment,
24,24,1241473970072936448,Comment,
25,25,1240628057922142208,Comment,"Coronavirus: ""Parks und Spielpl√§tze bleiben offen"" bei 1-Meter-Sicherheitsregel "
26,26,1253671288272564224,Comment,"+++ W√§hrend sich der Gro√üteil der Bev√∂lkerung an die Ausgangsbeschr√§nkungen h√§lt, feiern diese Unternehmer eine Party. +++
"
27,27,1251916073240162304,Comment,Quarant√§ne 2 - Der Speck muss weg. corona AnimalCrossing ACNH NintendoSwitch 
28,28,1241739567868280832,Unrelated,"Puuh, wir sind ziemlich geschafft, aber im Endspurt mit dem Video. Die Abgabe um 18 Uhr sollte klappen. Wir halten Euch auf dem laufenden. WirvsVirus WirVsVirusHack hackathon COVID„Éº19 Bundesregierung coronavirus coronavirusdeutschland ZuhauseBleiben zuhause"
29,29,1243958349647032320,Unrelated,
30,30,1242748245203398656,Unrelated,
31,31,1242718657161113600,Comment,
32,32,1246891866202742784,Unrelated,
33,33,1235279453946867712,Comment," Die stecken sich alle mit Corona an und werden in Lager interniert, √§h.. unter Quarant√§ne gestellt.. bevorzugt in der T√ºrkei.."
34,34,1238200458281435136,Comment, Dragon Ball [translated from Japanese]
35,35,1238038131510779904,Support,
36,36,1240328415842054144,Refute," Ist die Bundesregierung allein f√ºr EU-Grenzen zust√§ndig?
Die EU hat Einreiseverbote verh√§ngt.
Das Asylrecht soll also wegen Covid19 g√§nzlich beseitigt werden?
Euch ist das bisschen Verstand l√§ngst verloren gegangen."
37,37,1241343561884487680,Support,"Covid_19 wirbleibenzuhause ob die immer noch total verbl√∂deten in unserem Land, die in Gruppen rumlaufen es langsam kapieren?? "
38,38,1242001541999071232,Support,"Wof√ºr feiert sich NRW? <USERNAME> s Antwort an MP Laschet: ‚Äû3 Tage eher handeln, hei√üt 3 Tage eher Leben retten‚Äú
üí™üëçüëç
coronavirus COVID19 Ausgangsperre "
39,39,1252490838380331008,Support,Lockerung der Corona-Regeln: Der Leichtsinn hat begonnen przez <USERNAME>
40,40,1239104010646360064,Comment,"Ich pers√∂nlich stimme der Entscheidung zu
und teile die Angst der betroffenen Stakeholder vor den Auswirkungen von
Entscheidungen, die auf das √∂ffentliche Interesse abzielen.Ich denke, die
Regierung sollte‚Ä¶ [translated from Arabic]"
41,41,1241439801942908928,Comment,Die <USERNAME> sitzt gemeinsam zusammen um beim WirvsVirusHackathon das Projekt 031_patient_app_selbstdokumentation voranzutreiben. Patient*innen mit einer diagnostizierten COVID-19 Erkrankung stehen so auch in Quarant√§ne im Austausch mit der Forschung.
42,42,1241392672637583360,Support,
43,43,1241332519804579840,Unrelated,"Zeit um zu tr√§umen hat man ja nun genug! Ich tr√§ume davon, bald wieder mit lieben Menschen unbeschwert am Yachthafen verbringen zu d√ºrfen. Auf einmal werden die Tr√§ume kleiner!? wirbleibenzuhause Coronavirus AnmerkungohnePolemik Ruhrgebiet"
44,44,1243466841227476992,Support,
45,45,1255449589974523904,Comment,"Wer kontrolliert die kleinen Kinder, damit die brav Abstand halten auf Berlins Spielplatz? Der Rat der B√ºrgermeister so: ""Na, unser Ordnungsamt!"" Stadtrat <USERNAME> SPD, findet diesen offiziellen Auftrag eher unrealistisch. Hier seine Kritik:  "
46,46,1240755972211171328,Support,
47,47,1250095555604250624,Unrelated,
48,48,1242565345463775232,Unrelated,
49,49,1238084755285069824,Comment,
50,50,1246858912369979392,Support,"Den Sonntag genie√üen, in Abstand von zwei Metern und mit ein bisschen Sport. Und unterwegs den guten <USERNAME> treffen ü•≥ So geht Wochenende, und eben mit viel R√ºcksicht und Respekt - und Freude!
flattenthecurve corona covid covidkindness "
51,51,1241616591315513344,Unrelated,
52,52,1237833097858736128,Support,
53,53,1243906273512435712,Refute,
54,54,1244861132923375616,Comment,"Coronakrise wirkt sich auf Loveparade-Prozess aus. Bei einer Richterin ist unklar, ob sie sich mit dem coronavirus angesteckt hat. Sie befindet sich in h√§uslicher Quarant√§ne. deshalb sind zwei Sitzungstermine verschoben worden. "
55,55,1240683688234561536,Support,What the fuck berlin? Alle am spazieren hierüëç joggen zu 5 geht auch gut üëè. An alle vollidioten die COVID19 nicht erst nehmen. Vielen Dank im Voraus!! Wer nicht h√∂ren kann muss f√ºhlen!! Ausgangssperre
56,56,1243901940557328384,Unrelated,Arbeitsrecht - Teil 2 (AR 2) in Prien am Chiemsee vom 04.05.2020 bis 08.05.2020 Betriebsrat Mitbestimmung BetrVG Betriebsratsschulung Seminar Betriebsratsseminare Corona Webinar Homeoffice flattenthecurve Kurzarbeit Gesundheit 
57,57,1240538319584460800,Comment,"Hat also in China gut 4 Monate gedauert. Das w√§re f√ºr Deutschland Ende Mai-Juni! Aber China hatte extreme Quarant√§ne! China meldet null Neuinfektionen - Pl√∂tzlicher Anstieg in S√ºdkorea  --
Empfohlen von WELT News f√ºr Android
"
58,58,1243964124507275264,Comment,
59,59,1239680426790342656,Support,
60,60,1236189358207774720,Comment,
61,61,1241814141846913024,Support,"bundesregierung: die corona -ma√ünahmen v. heute sind ja ok , aber viel wichtiger sind regeln f√ºr Gesch√§fte, √ñffentl. Verkehrmittel, Arbeitspl√§tze etc. DA m√ºsst ihr klare vorgaben machen !!! sonst bringen die anderen ma√ünahmen nix!!!!"
62,62,1241006803212795904,Comment,
63,63,1239572282932105216,Comment, " Glaubst du, ich verstehe die Geschichte
nicht? Dein Bruder ist Jemenit. Erkl√§re mir jemand [translated from Arabic]"
64,64,1239159711188111360,Unrelated,W√§hrenddessen in Frankreich...Darwinismus bei der Arbeit. ü§¶‚Äç‚ôÄÔ∏è coronavirus StayHome 
65,65,1237484847796453376,Comment,
66,66,1241425465027350528,Comment,"Korrektur: Physiotherapiepraxen sind von den Beschr√§nkungen in Potsdam ausdr√ºcklich ausgenommen. Coronavirus
"
67,67,1239201038193905664,Comment,
68,68,1245295190887272448,Comment,
69,69,1241848191219351552,Comment,
70,70,1240349395800985600,Unrelated,
71,71,1247103142409441280,Comment,Polizisten bespuckt - Zwei Stra√üenpartys im Quarant√§ne-Dorf 
72,72,1241148775105691648,Unrelated,
73,73,1238566387070775296,Support, 33% mehr Infizierte jeden Tag. 3100 Stand Heute. Bisher keine Ma√ünahmen in Deutschland. Italien mit all den Ma√ünahmen Stand Heute 17500 +16% zu gestern. Bereits Donnerstag haben wir die gleiche Zahl.Warum wird so wenig getan? coronavirus CoronaShutdown 
74,74,1251956002095869952,Comment,
75,75,1240283181162598400,Comment,"Arztpraxis im Untertaunus steht wegen best√§tigtem Corona-Virus-Fall unter Quarant√§ne
"
76,76,1240594424414994432,Unrelated,
77,77,1245033270779224064,Comment,
78,78,1237729489498619904,Comment,In neun Monaten werden die Krankenh√§user erneut √ºberlastet sein. Dann aber auf der Geburtenstation. Corona Quarantaene
79,79,1239262628733759488,Unrelated,Online Caf√© Meetup Gruppe in Speyer zum Austausch √ºber homeoffice in Zeiten des coronavirus : Meetup Speyer via <USERNAME>
80,80,1237409558064254976,Comment,
81,81,1247809133622984704,Comment,
82,82,1242008740028649472,Unrelated,
83,83,1244623045458833408,Unrelated,
84,84,1246519563778490368,Refute,
85,85,1244234884048203776,Support,
86,86,1251842933973712896,Support,"Die D√ºsseldorfer haben sich vorbildlich an die Abstandsgebote &amp; Hygieneregeln in der Corona-Krise gehalten. Mit dem Verteilen von Schutzmasken k√∂nnen wir alle gemeinsam daf√ºr sorgen, dass trotz der beschlossenen Lockerungen die Entwicklung der Neuinfektionen beherrschbar bleibt. "
87,87,1241776081050505216,Comment,"Ich frage mich, ob dieser Mindestabstand von 1,5m auch f√ºr die Arbeit und Arbeitskollegen gilt?! ü§îü§î Kontaktverbot Corona COVID„Éº19"
88,88,1241811127023153152,Support,
89,89,1242187559196901376,Unrelated,
90,90,1222112700592984064,Unrelated,"Ob Frankfurter Flughafen oder Uni-Kliniken: Hessen r√ºstet sich gegen das coronavirus, das nun auch in Europa auftritt. In Deutschland gibt es bereits einen Fall. Experten sch√§tzen das Ansteckungsrisiko hierzulande allerdings als gering ein. "
91,91,1240645742315950080,Comment,
92,92,1240541057168875520,Support,
93,93,1244221047848779776,Support," <USERNAME> <USERNAME> <USERNAME>
<USERNAME> <USERNAME> Das Ding an der H√ºfte sieht eher wie ein Zebra oder
eine Abstraktion aus. [translated from Russian]"
94,94,1238097557844365312,Support,
95,95,1242794895594659840,Unrelated,"Zur Zeit einsam in unserer Galerie: Peter Marquant, ohne Titel, 2018
Leimfarben auf Leinwand, 100 x 80 cm PeterMarquant Exhibition artgallery Amart Vienna ArtInVienna
StayAtHome COVID19 "
96,96,1246538408316612608,Comment,Kontaktsperre bei Traumwetter: Wochenende der Wahrheit f√ºr Einhaltung der Corona-Regeln via <USERNAME>
97,97,1247607955966566400,Comment,
98,98,1239876381510696960,Support,"Hallo <USERNAME> , gerade klingelte ein Mitarbeiter von Euch an meiner T√ºr und wollte mich zum Spenden anregen. Ist das Euer Ernst? Deutschland steht vor einem Shutdown und Ihr schickt den Leuten potenzielle Superspreader in die Wohnungen? COVID19"
99,99,1240325364821491712,Support,"Kleiner Denkansto√ü, f√ºr alle, die weiter andere Treffen. Auch wenn ihr nicht betroffen seid, helft mit diejenigen, die gef√§hrdet sind zu sch√ºtzen. Nur wenn wir gemeinsam aufeinander achten k√∂nnen wir alle diese Kriese √ºberstehen.
flattenthecurve verden corona COVID19 "
100,100,1239608166758985728,Comment,"Weitere Corona-Ma√ünahmen: Kurzparkzonen, Sperren, Telefon-Helpline ‚Ä∫ Wiener Neustadt: Aktuelle Updates zu den Ma√ünahmen der Stadt. coronavirus kurzparkzonen rathaus wrneustadt wienerneustadt"
101,101,1240781183874711552,Comment,"Gemeinsam gegen Corona RTL Hessen und ,,Die Lochmanns"" Tipps f√ºr den Familienalltag und soziales Engagement in Zeiten von CORONA 
Unter speziellen Hygiene und Schutzma√ünahmen haben wir einen Beitrag f√ºr das Abendmagszin erstellt. "
102,102,1239986507525619712,Support,
103,103,1252526715106136064,Comment,"Mein ehemaliger Chef ist ja in Quarant√§ne, weil er seine Mutter mit Covid infiziert war. Sie ist jetzt vor einigen Tagen daran verstorben."
104,104,1240264071188025344,Comment,Wie schr√§nken wir unseren Betrieb w√§hrend des Corona-LockDowns ein? Thread (1/X)
105,105,1233369932135575552,Unrelated,
106,106,1244918259511689216,Unrelated,"Welche Ma√ünahmen in Rottweil f√ºr Klimaschutz sowie Energiemanagement getroffen werden, wurden im Zuge der <USERNAME> zusammengefasst und im Artikel erkl√§rt: "
107,107,1253268536329412608,Support,
108,108,1231435236887711744,Comment,
109,109,1241184862981304320,Comment,
110,110,1243833337225064448,Support,Indiens Kampf gegen Corona: Mit Ausgangssperren gegen d√ºstere Prognosen | Asien | DW | 28.03.2020 by <USERNAME> 
111,111,1248577801462185984,Unrelated,
112,112,1237671851045916672,Comment,"L√∂sen wir das Coronavirus solidarisch wie wir die Gefl√ºchteten auch solidarisch befreit haben. Freiwillige gehen in die Quarant√§ne Stationen helfen aus und verteilen die Kinder der Erwerbst√§tigen auf die Bev√∂lkerung, die keine Sorgepflicht hat. coronadeutschland COVID19"
113,113,1255070004292222976,Comment,"Aufgrund der Corona-Ma√ünahmen findet die Fortbildungsreihe f√ºr eine partizipationsorientierte &amp; diskriminierungskritische Arbeit mit Gefluechteten momentan online statt. Bis zum 20. Mai gibt es noch 5 Webinare.
üíª F√ºr Infos &amp; Anmeldung bitte her entlang: "
114,114,1223155217836978176,Unrelated,"Deutschlands oberste Betriebs√§rztin Anette Wahl-Wachendorf √ºber Gesch√§ftsreisen und Hygienema√ünahmen international t√§tiger Unternehmen ‚Äì und was jetzt im Fall des Coronavirus richtige Handlungsweisen sind:
"
115,115,1242805250047827968,Comment,
116,116,1253435826496696320,Comment,
117,117,1247075845740560384,Comment,Bitte lesen‚ùóÔ∏è‚ÄúDer Judenhass macht keinen Halt vor einer Ausgangssperre. Wir haben den Antisemitismus im Netz unter die Lupe genommen‚Äú. Covid19 
118,118,1236305779155767296,Unrelated,
119,119,1233038440033374208,Comment,"Saudi-Arabien hat ausl√§ndischen Pilgern verboten, das K√∂nigreich zu betreten, um die heiligsten St√§tten des Islam √ºber das neue Coronavirus zu besuchen.Coronavirus CoronavirusOutbreak COVD19 | 9News "
120,120,1241363654303453184,Unrelated,
121,121,1242788160280674304,Unrelated,
122,122,1241040084671115264,Refute,
123,123,1241737513468858368,Unrelated,
124,124,1250356580282806272,Comment,
125,125,1241828845952655360,Refute,
126,126,1243534080534290432,Comment,"Sind wir eigentlich die Einzigen, die schon seit 12 Tagen WirBleibenZuhause sind: ohneEinkauf und Spaziergang?
Belebte Wohngegend in Berlin und bei Blick aus dem Fenster 2m Abstand zum N√§chsten oft kaum m√∂glich.
Ein Spaziergang w√§re so toll...oder ein eigener Gartenüòî COVID19"
127,127,1239595548883156992,Unrelated,
128,128,1239239905957556224,Support, <USERNAME> Seus lixos.
129,129,1241327236164313088,Comment,BERLIN ‚Äì Der Berliner Senat bereitet zur Eind√§mmung des Coronavirus weitere Beschr√§nkungen des √∂ffentlichen Lebens in der Hauptstadt vor. 
130,130,1237331099556237312,Support,
131,131,1239425132004806656,Comment,"Bitte lebenslanges Einreiseverbot f√ºr den deutschen ""Daniel L. Menichella"" in Europa aussprechen!
Er wollte dem USA Trampl,einen wenn fertiggestellten Corona Wirkstoff,exclusiv nur f√ºr d. USA verkaufen!Zum Gl√ºck stimmte d.Besitzer Hopp nicht zu und Menichella verlie√ü d.Firma!ü§Øü§¶‚Äç‚ôÇÔ∏è"
132,132,1244927071463317504,Support,
133,133,1241813502081236992,Unrelated,
134,134,1237326464321814528,Support,
135,135,1255753082895507456,Comment,
136,136,1243211721898110976,Unrelated,"(ML) Aktuelles vom <USERNAME>
Borken aktuell 49 (48 am Vortag) Infektionsf√§lle mit dem Coronavirus. Insg. sind in Borken 3 vormals infizierte Pers. wieder gesund.   meinborken kreisborken muensterland coronavirus covid19 borkenbleibtzuhause "
137,137,1242450907960410112,Unrelated,
138,138,1240646193362931712,Support,
139,139,1239837851044458496,Unrelated,
140,140,1239228358820605952,Comment,
141,141,1236904649472577536,Comment,Stundenlang ber√§t der Koalitionsausschuss √ºber aktuelle Krisen: die Corona-Epidemie und das Elend der Fl√ºchtlinge an der t√ºrkisch-griechischen Grenze. Union und SPD ergreifen Notma√ünahmen. 
142,142,1241179879720222720,Refute,
143,143,1242210120500731904,Unrelated," Ich verstehe McConnells Wut, denn
die Lage ist d√ºster. Aber es war seine Entscheidung, die Verhandlungen ohne
die Demokraten zu beginnen, die... [translated from Englisch]"
144,144,1238374965294047232,Unrelated,"Guter Plan! Ist vielleicht nicht jedem Polizisten m√∂glich, aber der NYPD Ableger Germany macht Homeoffice Covid_19 "
145,145,1238383615622483968,Unrelated,
146,146,1241069883946926080,Support,StMGP: Ausgangsbeschr√§nkung in Bayern wegen Coronavirus-Pandemie - Gesundheitsministerin Huml: Insbesondere √§ltere und vorerkrankte Menschen m√ºssen verst√§rkt gesch√ºtzt werden 
147,147,1239453337549967360,Comment,"Tag 1: Ich arbeite seit 5 Uhr. Neben lautem Gejohle dr√∂hnt mittlerweile zum 5. mal ""We Will Rock You"" mit voller Lautst√§rke aus dem Wohnzimmer. homeoffice coronavirus bleibtzuhause Schulschliessungen"
148,148,1234148261277130752,Comment,Die Patientin aus dem Norden des Kreises HerzogtumLauenburg war zuvor beim Karneval im Rheinland. Nach einem ersten positiven Test verlief auch der zweite nun positiv auf Corona. F√ºr die Frau ist jetzt h√§usliche Quarant√§ne angeordnet. 
149,149,1242189183818629120,Comment,
150,150,1233791481024000000,Comment,
151,151,1254659217660809216,Unrelated, "<USERNAME> bitte l√∂schen..
[translated from English]"
152,152,1251856817602396160,Refute,
153,153,1242471334820511744,Comment,"K√∂nnt CoronaVirus √∂ffentl. Gesundheitsrichtlinien festlegen, w√ºrd's
- TestKits knapp halten
- viel in √ºberf√ºllten Kliniken testen
- nur lasche Ma√ünahmen anordnen (wenig testen, Kontakte nicht aufsp√ºren)
- Post-Mortem-CoViD19-Diagnosen vermeiden
- Masken f√ºr nutzlos erkl√§ren"
154,154,1240720107837501440,Comment,
155,155,1238150943474159616,Support,Merkels Politik der toten Hand macht sich langsam bezahlt. Wir haben Frankreich abgeh√§ngt und sind im Corona-Medaillenspiegel auf den zweiten Platz vorger√ºckt. lockdown 
156,156,1244935550592827392,Support,"HUK Coburg: Weniger Autounf√§lle wegen Corona-Pandemie Die Beschr√§nkungen wegen der Corona-Pandemie wirken sich auf die Verkehrssicherheit in Deutschland aus ‚Äì es gibt weniger Unf√§lle. Da das Verkehrsaufkommen zur√ºckgeht, ... "
157,157,1241729456554807296,Unrelated,
158,158,1240910587841908736,Unrelated,Corona VI: Das BMF hat zu steuerlichen Ma√ünahmen zur Ber√ºcksichtigung der Auswirkungen des Coronavirus Stellung genommen (768 W√∂rter)
159,159,1246163234685693952,Comment,
160,160,1255586054549184512,Unrelated,
161,161,1240390523346735104,Refute,
162,162,1243880812778524672,Unrelated, "Nicolau und der ber√ºhmte stille
Protest f√ºr Lebensmittel  [translated from Portuguese]"
163,163,1242328339198685184,Comment,
164,164,1247438756849868800,Comment,
165,165,1241377896440180736,Refute,
166,166,1247139747853631488,Unrelated,WIR. sind uns √ºber die gesetzlichen Regelungen bewusst <USERNAME> nur was tun wenn WIR. trotzdem Gesundheitsgef√§hrdungen ausgesetzt werden? <USERNAME> <USERNAME> <USERNAME> <USERNAME> <USERNAME> 
167,167,1243143200564547584,Comment,"Guter Gedanke coronawitze: Wenn Du nichts in der Hand hast, kannst Du immer noch dar√ºber lachen und die Angst vom Bestimmer zum Objekt machen ‚ñ∂Ô∏è Der Quarant√§ne-Cast: Meine Psyche, Corona und ich podcast <USERNAME> coronavirus"
168,168,1244632507187855360,Support,
169,169,1225068323374653440,Comment,
170,170,1240270703913566208,Unrelated,
171,171,1238771136189603840,Comment,"Jetzt ist der ""Hamster"" Wahnsinn auch bei uns angekommen, bei Kaufland, Netto, C+C Edeka kein Toilettenpapier mehr, was haben die Leute nur vor wenn sie in Quarant√§ne kommen ü§î COVID19 Hamsterkauf"
172,172,1241314397949222912,Comment,
173,173,1238122672955031552,Comment,
174,174,1238317190752825344,Support," Alles eine Frage des Zeitpunkts: wer zu sp√§t kommt... kann es nicht wieder gut machen, bezahlt mit h√∂heren Opfern. Wer coronavirus untersch√§tzt hat, muss schlimmere Ma√ünahmen l√§nger durchhalten. Die vielen unerkannten F√§lle sind kaum zu stoppen."
175,175,1238993136514412544,Comment,"Mutige Ansage von Leipzig-OB Jung (SPD), bei der Entwicklungsdynamik des CoronaVirus f√ºr 'ne ganze Woche radikale Ma√ünahmen auszuschlie√üen. N√§chstes Mal lieber: ""Stand jetzt sind keine Ladenschlie√üungen geplant"". /MS "
176,176,1241285939017723904,Refute," Im Januar wurde die Regierung vor Corona gewarnt und gebeten Vorsichtsma√ünahmen zu treffen.
Panikmacher haben sie gesagt.
Nun sehen wir was passiert wenn man sich selbst zu wichtig nimmt nicht wahr Herr S√∂der?
Das kommt dabei raus wenn eine unf√§hige Regierung an der Macht ist."
177,177,1243606784906010624,Comment,"  Das Vaterland zuerst! Wie Bol√≠var
sagte: 'Gerechtigkeit und Vernunft brauchen keine andere Unterst√ºtzung als
sich selbst, um zu gedeihen' .... [translated from Spanish]"
178,178,1240264934170267648,Support,
179,179,1249272654999302144,Refute,"Die Ausgangssperre in Kenia hat zu mehr Opfern durch Polizeigewalt gef√ºhrt als durch den Virus selbst: 
"
180,180,1233417843406000128,Comment,
181,181,1241329829271781376,Support,"Ausgangssperre vs. Spring Break: Corona meets Chlamydia. Echt, in den USA geht's immer noch 'ne Nummer h√§rter. "
182,182,1244887749108400128,Comment,
183,183,1239235913785450496,Comment,Ab 19 Uhr: Pressekonferenz BM Seehofer zu Ma√ünahmen im grenz√ºberschreitenden Verkehr zur Eind√§mmung der Infektionsgefahren durch den Coronavirus. Wir berichten. COVID„Éº19
184,184,1242374169247055872,Unrelated,
185,185,1237500564218482688,Comment,Neues im Blog: Bilder von den Auswirkungen der Corona Quarant√§ne in Norditalien  zn80net
186,186,1240642184757608448,Comment,Die Telekom gibt zur √úberpr√ºfung des SocialDistancing Mobilfunkdaten an das Robert-Koch-Institut weiter. Covid19 Corona Coronakrise 
187,187,1250335502751813632,Refute,
188,188,1254537206250844160,Unrelated,
189,189,1243234795766898688,Refute,
190,190,1240357464379457536,Unrelated,
191,191,1238193762372812800,Comment,"Coronavirus: Fl√§chendeckende Schul- und Kitaschlie√üungen k√∂nnten in Bremen kommen:
""Nach der Debattenlage heute bereitet sich das Land Bremen auf fl√§chendeckende Schul- und Kitaschlie√üungen vor"", sagte die Sprecherin der Bremer Bildungsbeh√∂rde am heutigen Donnerstagabend."
192,192,1224759807598583808,Comment,
193,193,1238039403701862400,Comment,
194,194,1244691403202068480,Comment,
195,195,1243178137388646400,Unrelated,"Bitte retweeten wer der gleichen Meinung ist! <USERNAME> <USERNAME> COVID19de CoronaPandemie StayHome Soforthilfe COVID19 RETWEEET HelpFightCorona RetweeetPlease YouTube twitch 
Beitrag durchlesen und teilen wenn er gef√§llt! Jede Stimme z√§hlt! Vielen Dank! üëáüèºüëáüèºüëáüèºüëáüèº "
196,196,1231992523909992448,Refute,
197,197,1242527437336072192,Unrelated,
198,198,1241286725147734016,Support,
199,199,1239919130184204288,Refute,
