orig_idx,raw_text,translated_from
2401,Tag 4: Guten Morgen, heute mal spa√üfrei. HomeOffice ist mit den Kindern kaum m√∂glich. *WirftDasHandtuch*
corona,nan
2960,Mutige Ansage von Leipzig-OB Jung (SPD), bei der Entwicklungsdynamik des CoronaVirus f√ºr 'ne ganze Woche radikale Ma√ünahmen auszuschlie√üen. N√§chstes Mal lieber: "Stand jetzt sind keine Ladenschlie√üungen geplant". /MS ,nan
2002,Corona Ma√ünahmen in Ingolstadt ,nan
2236,Auch in Hamburg: Gericht best√§tigt Gottesdienstverbot. ,nan
2264,Aus dem heutigen Verwaltungsstab zu Corona: Bis zu einer √ºbergreifenden Regelung f√ºr Veranstaltungen durch das Land Brandenburg gilt: Regionale Kultur- und Sportveranstaltungen unter 1000 G√§sten k√∂nnen stattfinden ,nan
2703,Als moderne Agentur heimatverbundener Weltb√ºrger waren wir schon weit vor Corona auf Homeoffice eingestellt. 
Das Headquarter bleibt minimalbesetzt, daf√ºr sind wir in Berlin jetzt an 8 Standorten operativ t√§tig und erreichbarüí™ coronadeutschland ,nan
1084,Eastbound SV/Largo Town Center Train 609 changed its destination to RD/Shady Grove at or near East Falls Church on track 1. (9:06pm),nan
2269,Wer von der Coronakrise profitieren wird? China.
Covid_19 Ausgangssperren,nan
2085,SocialDistancing ist f√ºr mich, wenn man fragt, (egal ob Vorstellungsgesp oder einfach so) "Willst Du...ein Kind?" 
Antwort [bis vor 2 Wochen]: "Ich bin dankbar f√ºr die Frage ... mir ist es echt wurscht wer in der √ñsterr Bundesliga Dritter wird." SocialDistance √ºberschritten,nan
2242,Und <USERNAME> ist skeptisch, ob nach dem Ende des Lockdowns Deutschland direkt zur Normalit√§t zur√ºckkehrt. Lindner lockdown COVID„Éº19 Corona ,nan
2810,Coronavirus: "Parks und Spielpl√§tze bleiben offen" bei 1-Meter-Sicherheitsregel ,nan
587,Corona in K√∂ln: Maternus-Grundschule: Alle Sch√ºler und Lehrer in Quarant√§ne (via <USERNAME> ,nan
2902,Bitte lesen‚ùóÔ∏è‚ÄúDer Judenhass macht keinen Halt vor einer Ausgangssperre. Wir haben den Antisemitismus im Netz unter die Lupe genommen‚Äú. Covid19 ,nan
1956,Fragen und Antworten: Das m√ºssen Sie¬†zu den Corona-Ma√ünahmen im S√ºdwesten wissen ,nan
2268,Also ich kenne die Gro√üeFreiheit auch menechenleer. Einen Sonntagabend im Sommer 2018. Und nicht 9.11. wirbleibenzuhause COVID„Éº19 Covid_19 coronavirus COVID19 Corona CoronaOutbreak deutschland CoronaVirusUpdates COVID2019,nan
2438, Und morgen schicken wir alle ein Foto vom Homeoffice zu euch, damit ihr nicht ganz vereinsamt COVID19 ,nan
2331,Keine Veranstaltungen, keine Partys, keine Besuche bei Freunden, im Restaurant oder auf dem Spielplatz: Das erste Wochenende mit den neuen Corona-Regeln steht an. Doch auch zu Hause kann man so manches Abenteuer erleben. Wir haben Tipps gesammelt. ,nan
2677,"Abschiebungen aus Hessen werden wegen der Coronakrise nicht pauschal ausgesetzt." <USERNAME> "Von nicht notwendigen Reisen raten wir ab". W√§hrend Corona und immer: Abschiebestopp wirbleibenzuhause 
,nan
635,++ Das Landratsamt Tirschenreuth hat wegen der Verbreitung des Coronavirus f√ºr die Stadt Mitterteich eine Ausgangssperre verh√§ngt. Es ist die erste Stadt in Bayern mit einer solchen Ma√ünahme. Sie soll bis zum 2. April dauern, wie die Beh√∂rde mitteilte. ,nan
2787, ,nan
1597,Die FDP Saar fordert einen Expertenrat nach dem Vorbild von NRW, um die bisherigen Ma√ünahmen zu evaluieren und eine m√∂gliche Exit-Strategie aus den Corona-bedingten Einschr√§nkungen des √∂ffentlichen Lebens zu beraten. ,nan
1117,Covid-19 - Bundesweites Versammlungsverbot beschlossen ,nan
1291,Aktuell erreichen uns zahlreiche Anfragen zur Nutzung von CATIA V5 Lizenzen im Home-Office. Wir haben die wichtigsten Infos zu diesem Thema in einem PDF f√ºr Sie zusammengefasst: homeoffice corona ,nan
309,Betriebsschlie√üung: Hundesalon muss zur Eind√§mmung der Verbreitung des Coronavirus schlie√üen COVID19 COVID„Éº19 Coronakrise COVID2019 SARSCoV2 coronadeutschland CoronaVirusDE ,nan
2351, <USERNAME> wenn Sie nicht verstehen, wieso ich diese Frage stelle, dann kann ich es Ihnen erl√§utern. Nur so viel: Hier in Berlin kursiert gerade wie wild Covid19 und nicht mal die Risikogruppen checken, dass sie sp√§testens seit Mittwoch zum Selbschutz in die h√§usliche Quarant√§ne m√ºssten,nan
182,Traiskirchen versch√§rft Corona-Ma√ünahmen ,nan
2044,Wenn diejenigen, die jetzt st√§ndig nach Joggen, Spazieren &amp; Kinderspielen im Freien rufen, das auch nach der Corona tun, haben wir bald kein √úbergewicht in √ñsterreich
(Was macht ihr im Winter? Ist doch 3 Monate schirch dunkel &amp; alle bleiben eh die ganze Zeit ham?) BleibtZuhause,nan
692,wieso werden bei vier kassen zwei nebeneinander befindliche ge√∂ffnet anstatt die menschen auf die √§u√üersten kassen zu verteilen und somit den abstand zueinander zu vergr√∂√üern? gibts da keine anweisung an die filialen? <USERNAME> Covid_19 coronavirus CoronaVirusAT ,nan
1088,Weitere logarithmische Plots aktueller Covid19-Infiziertenzahlen, die zeigen wie Soziale Distanz die Epidemie ausbremst. Coronakrise Bei EsP und D zeigt sich dass die Ma√ünahmen zur Schaffung sozialer Distanz nach einer Woche erste Wirkungen zeigen. ,nan
665,<USERNAME>Danke f√ºr die M√ºhe, Leute,
 aber es wird schon gehen lol, French
877,RT AfD_Bayern "Das coronavirus breitet sich weiter aus. In der Region Heinsberg sind mitlerweile 1000 Personen unter Quarant√§ne gestellt. DAX und DOW befinden sich auf Talfahrt und hier in Deutschland wird weiter beschwichtigt... AfD ,nan
1547,Sachsen-Anhalt/Corona Massenhaft Hinweise auf verbotene Versammlungen via <USERNAME>,nan
60,Coronavirus: Bund und L√§nder einigen sich auf Kontaktverbot !!! ,nan
660, <USERNAME> <USERNAME> Eine Zeit nach Corona ist erstmal nicht abzusehen. Alleine das Kontaktverbot sollte noch mehrere Wochen Bestand haben. Und dann stehen wir immer noch am Anfang, verstehen nur viele nicht,nan
1858,juris PraxisReport Strafrecht 7/2020: Corona-Schutzverordnung NW und Infektionsschutzgesetz ‚Äì eine erste Betrachtung aus straf- bzw. bu√ügeldrechtlicher Sicht, von Dr. Jens Peglau, RiOLG, COVID„Éº19 Coronakrise SARSCoV2 ,nan
1514,...und wenn man dann doch versucht ist, hilft der Blick auf diese Entscheidungshilfeüëá
FlattenTheCurve COVID19 ,nan
57,Corona-Quarant√§ne Tagebuch von <USERNAME> kennt fast jeder. Abr weisst man, dass er auch Buchautor ist? "Ich halte nicht die Klappe. Mein Leben als √úberzeugungst√§ter in der Chefetage" habe ich mal f√ºr NGFH besprochen. Leseempfehlung ,nan
2826,Die <USERNAME> sitzt gemeinsam zusammen um beim WirvsVirusHackathon das Projekt 031_patient_app_selbstdokumentation voranzutreiben. Patient*innen mit einer diagnostizierten COVID-19 Erkrankung stehen so auch in Quarant√§ne im Austausch mit der Forschung.,nan
642,Noch mehr Fakten am ReosFactFriday! Welche Ma√ünahmen haben Sie bereits ergriffen? ReosSoftware thinkdigital SmartBuildings SmartNews SmartSolutions innovation RealEstate PropTech WevsVirus coronavirus ‚Äì <USERNAME> <USERNAME> ,nan
2471,Psychologe erkl√§rt: Daher kommt die Wut auf die Corona-Ma√ünahmen ,nan
1043,Moin. Kompaktes gutes Video von <USERNAME> zu Corona.
Danke daf√ºr. Daher bleibtzuhause und mindestens MaskeAuf. ,nan
1434,„ÄêPopular No.1 Topics in Austria!„Äë Tom_Hanks Rita_Wilson Coronavirus So geht es Tom Hanks in der Corona-Quarant√§ne,nan
2641,Guten Morgen, es ist Samstag, 21.3. Thread Nr. 10 zu Corona Dresden CoronaSN. Seit Mitternacht gibt es Ausgangsbeschr√§nkungen <USERNAME> OB Dirk Hilbert: ‚ÄûDie Unvernunft von einigen f√ºhrt jetzt zu h√§rteren Ma√ünahmen f√ºr alle.‚Äú,nan
1663,Was bedeutet die Ausgangsbeschr√§nkung? Antworten findet ihr in unseren FAQs unter oder √ºber unsere Hotline, die auch am Wochenende von 10 bis 16 Uhr besetzt ist. covid_19 corona handwerk handwerker mittelfranken ,nan
1625,Ein Virus ver√§ndert die Arbeitsbedingungen. HomeOffice scheint das Patentrezept ‚Äì aber was genau ist eigentlich Home Office? Zwischen Sprachgebrauch und Arbeitsrecht. Arbeitswelt Change Facts Corona
,nan
2183,Jena - F√ºr den Schutz: Stufenweise wird in Jena die Nasen-Mund-Bedeckungspflicht eingef√ºhrt ,nan
545,Sogar ‚Å¶<USERNAME> erfasst es klarer als unsere ‚Å¶<USERNAME> .. toll ausgedr√ºckt und auf den Punkt gebracht Herr Pocher StayAtHome COVID19 coronavirusdeutschland Politikversagen germanylockdown ,nan
1010,Neuseeland verk√ºndet nie dagewesene (Quarant√§ne-)Ma√ünahmen coronavirus COVID„Éº19 . Im November 1918 spanischegrippe lie√ü das neuseel√§ndische Gesundheitsamt tausende Flugbl√§tter in der Sprache der Maori drucken, u.a. mit Empfehlungen zur Pflege Grippekranker pandemie,nan
2212,Island meldet 2. Fall von Coronavirus; Die Regierung sagt, jeder, der aus Italien zur√ºckkehrt, sollte sich 14 Tage lang unter Quarant√§ne stellen.
Coronovirius COVID19 CoronavirusIceland ,nan
167,Coronavirus: Restaurants und Schulen m√ºssen schlie√üen ‚Äì Belgier bereiten sich auf den Beinahe-Lockdown vor Handelsblatt,nan
549, Sie verlieren sich selbst üòè, Turkish
2551,‚ÄûIrgendjemand muss doch was f√ºr unsere Rettung tun!‚Äú
Carrie Fisher als Prinzessin Leia in <USERNAME>
coronaquotes
wirbleibenzuhause covid19,nan
159,So wird es werden. Abstandsregeln werden das ganze Jahr gelten, glaubt Berlins Innensenator  --
Empfohlen von WELT News f√ºr Android
,nan
291,Der Coronavirus stellt Gewohnheiten auf die Probe. Frankfurt SocialDistancing ,nan
812,Eine Studie des Imperial College warnt vor wiederkehrenden Ausbr√ºchen des Coronavirus, weshalb Einschr√§nkungen des √∂ff. Lebens bis zu 18 Monate dauern k√∂nnten. Das NESCI kritisiert, dass Projektion zu pessimistisch ist: 
Thread 1/4,nan
443,guter Artikel zum Thema KurveFlachHalten Corona Statistik Ma√ünahmen Pr√§vention Mitmachen Verantwortung FlattenTheCurve ,nan
1585,√ñsterreich will ab 14. April die Anti-Corona-Ma√ünahmen lockern news nachrichten via tagesschau infoyou,nan
2381,Corona-Pandemie in Deutschland und weltweit: Polen will ab 19. April Ma√ünahmen schrittweise lockern ,nan
597,No risk no fun! Und Quarant√§ne ohne weed ist halt schon hart haha ,nan
156,Die Verbreitung des Coronavirus soll einged√§mmt werden. Deshalb haben der KantonFribourg und der Bundesrat Massnahmen getroffen. Aufgrund dieser Vorgaben hat das SKJV die Lehrg√§nge/Weiterbildungen bis 30.04.20 unterbrochen. stayhealthy stayathome 
,nan
2190,Die Menschen in Hannover haben sich auch am Ostersonntag weitestgehend an die Corona-Regeln gehalten. Am Maschsee wurde es am Nachmittag allerdings etwas zu voll. Hier musste die Polizei h√§ufiger eingreifen. [NP Plus] ,nan
691,Michael M√ºller gesteht Fehler beim Coronavirus-Krisenmanagement ein. "Ich h√§tte auch schneller entscheiden m√ºssen, wirklich alles abzusagen", sagte er im <USERNAME> Zudem regte er eine Einschr√§nkung des Bahnverkehrs an. Newsblog CoronavirusBerlin: ,nan
608,(2/3) ASF-Gesch√§ftsf√ºhrerin Jutta Weduwen: Wenn die Einschr√§nkungen durch Covid-19 weiterreichen &amp; ab Sommer/Herbst keine Freiwilligen- und Begegnungsprogramme stattfinden k√∂nnen, bedeutet dies eine Bedrohung f√ºr uns und f√ºr die gesamte zivilgesellschaftliche Tr√§gerlandschaft.,nan
1793,Ich hoffe er kommt nicht so einfach davon...Trump TrumpVirus coronavirus StayHome CoronaZeit coronavirusdeutschland COVID19de COVID„Éº19 ,nan
2164,Besch√§ftigte in der Telekommunikations-Branche erm√∂glichen in der Corona-Krise Teilhabe am sozialen Leben. Sie verbinden Familien. Ohne euch g√§be es kein Homeoffice! Zusammenhalten. Solidarit√§t erleben. Danke f√ºr euren Einsatz! verdi telekommunikation solidarit√§t DANKE ,nan
2812,Quarant√§ne 2 - Der Speck muss weg. corona AnimalCrossing ACNH NintendoSwitch ,nan
728,Au√üerdem bekommt ihr auf den Bildern von allen Mitarbeitern einen aktuellen Buchtipp - perfekt f√ºr alle, die nach neuem Lesestoff f√ºrs SocialDistancing suchen üìö‚ù§Ô∏è stayathome workfromhome verlagsleben insideaufbau corona b√ºcherhamstern aufbauverlag,nan
2252,Der Bund greift Unternehmen mit Liquidit√§tsproblemen mit 20 Milliarden Franken unter die Arme. Am Mittwoch hat der Bundesrat die Details dazu geregelt. Coronavirus Kredite ,nan
784,In Berlin gibt es mittlerweile 688 festgestellte F√§lle von COVID19. Das sind 169 mehr als gestern. StayAtHome FlattenTheCurve SocialDistanacing ,nan
2632, Coronavirus in China: Fahrverbote und Hausarrest f√ºr Kritiker. 
√ºber <USERNAME>,nan
554,Mit Abstand am sympathischsten sind mir die Experten, die bei jeder dritten Frage antworten, dass sie es nicht oder noch nicht wissen. CoronaPandemie coronavirus COVID2019 COVID19,nan
2959, Alles eine Frage des Zeitpunkts: wer zu sp√§t kommt... kann es nicht wieder gut machen, bezahlt mit h√∂heren Opfern. Wer coronavirus untersch√§tzt hat, muss schlimmere Ma√ünahmen l√§nger durchhalten. Die vielen unerkannten F√§lle sind kaum zu stoppen.,nan
1501,WOW üòä <USERNAME> wir arbeiten in meinem Team seid 3 Monaten mit <USERNAME> und ich bin total begeistert üëèüëèüëè tolle Initiative um Homeoffice in Zeiten von CoronaVirusDE Covid_19 Corona COVID COVID„Éº19 Coronakrise zu unterst√ºtzen. teamsiemens <USERNAME> ,nan
225,Gutverdienende sind im Homeoffice, Geringverdienende in Kurzarbeit, K√ºndigungen v.a. bei Pflichtschulabsolventen: 
Wieder ein sehr spannender Beitrag aus dem Corona-Projekt vom <USERNAME> - dieses Mal mit meiner Diplomarbeitsbetreuerin Christine Zulehner üëç ,nan
1855, Er bringt dir Corona mit üòò,nan
1362,Welche F√∂rderprogramme gibt es? Welche Regelungen gilt es zu beachten? An wen kann ich mich wenden? Eine kompakte √úbersicht in Form eines Merkblatts f√ºr Unternehmen in Baden W√ºrttemberg stellt das <USERNAME> zur Verf√ºgung. corona COVID19 ,nan
2063,Wer kennt es noch ? COVID19de coronavirus ShutDownGermany FlattenTheCurve DDR MelitzerSpargel Spreewaldgurken ,nan
1419,Schon die Corona-Folgen und -Ma√ünahmen sind f√ºr viele schlimm. Das ist NICHTS gegen einen Krieg, in den uns die USA und die CDU inkl. <USERNAME> treiben wollen. Im Krieg sind auch noch H√§user und Krankenh√§user zerbombt. Denkt mal dr√ºber nach.,nan
1830,Ich schaue mir gerade die Pressekonferenz an und ich bin mega gl√ºcklich, das keine fckafd was zu sagen hat. Mal davon abgesehen, das die auch jetzt noch nichts konstruktives vorgebracht haben. FCKNZS COVID19 soeder StayHome 
Danke f√ºr eure Ma√ünahmen.,nan
2136,merkel u. co u. bendesregierung lockert endlich die ma√ünahmen deutlich in allen bereichen, mit dem verhalten zerst√∂rt ihr 100.000-de exisitenzen u. vergeudet steuergelder ersparnisse corona wird auch ohne so strenge ma√ünah. schwinden ,nan
1981, Man darf gespannt sein, wie bereit r2g daf√ºr ist, die notwendige Ausgabenbeschr√§nkung post-Corona zu managen. Wahrscheinlich dass auch die Transferleistungen aus Bayern dann nicht mehr so √ºppig ausfallen werden. Verteilen ist halt leichter als erwirtschaften ü§∑üèº‚Äç‚ôÇÔ∏è,nan
215,Falsch: N√§he.
Wir alle haben Menschen, die wir umarmen wollen oder tr√∂sten oder schmusen.
Dennoch gilt: 1 Meter Abstand, immer und √ºberall.
Hulk Hogan und The Rock sind sich hier innig verbunden - aber zu nahe. Geht's weg!
coronavirus ,nan
1776,Jetzt regen sich noch alle, berechtigt, √ºber manche Jugendliche auf, die sich egoistisch Verhalten und sich trotz konkreten Anweisungen in Gruppen treffen. Mal schauen, wie sich die 40+ Verhalten, wenn sie nicht zum Tanz in den Mai d√ºrfen.. COVID19 Ausgangssperre,nan
1275,Coronavirus unn√∂tiger Alarm bei COVID-19?Harald Lesch
Sind diese Quarant√§ne und Ausgangsbeschr√§nkungen √ºbertrieben?W√§re diese Coronavirus nicht √ºber einen Test endeckt,dann w√§re es nicht aufgefallen. Ausweis COVID„Éº19 coronavirus coronadeutschland ,nan
2046,Wir sind 80 Mio Menschen im Land. Wenn sich nur 70% davon infizieren und nur davon 5% station√§r behandelt werden m√ºssen, brauchen wir 2,8 Mio Krankenhaus(Intensiv)betten. Wir haben knapp 0,5 Mio. 
Wer FlattenTheCurve immer noch nicht kapiert hat, dem ist nicht zu helfen.corona,nan
44,Berater der Bundesregierung machen laut einem Pressebericht die Aufhebung der Kontaktbeschr√§nkungen vom Einsatz von Atemschutzmasken abh√§ngig. Coronavirusde Exitstrategie,nan
2951,WIR. sind uns √ºber die gesetzlichen Regelungen bewusst <USERNAME> nur was tun wenn WIR. trotzdem Gesundheitsgef√§hrdungen ausgesetzt werden? <USERNAME> <USERNAME> <USERNAME> <USERNAME> <USERNAME> ,nan
425,Am Donnerstag sagte BK Sebastian Kurz, dass man die international genutzten Ma√ünahmen aktuell evaluiere. Die "neue Normalit√§t" werde nicht so sein wie jene vor dem Coronavirus.
,nan
1,Live: Ministerpr√§sident S√∂der zu neuen Corona-Ma√ünahmen in Bayern. Covid19DE Coronavirus ,nan
2538,Breaking News: Corona-Fall: Hertha BSC schickt Mannschaft in zweiw√∂chige Quarant√§ne. ,nan
294,Ministerium: Tag eins der Schulschlie√üungen lief geordnet Schwerin (dpa/mv) ‚Äì Der erste Tag der fl√§chendeckenden Schulschlie√üungen in Mecklenburg-Vorpommern wegen des Coronavirus ist nach Einsch√§tzung von Bildungsministerin ... ,nan
2412,Im Streit um Lockerungen der Corona-Ma√ünahmen in den USA hat der New Yorker Gouverneur Machtanspr√ºche von Pr√§sident Donald Trump zur√ºckgewiesen. ,nan
1654,Corona Deutschland aktuell: Einreise nach Deutschland: Pflicht-Quarant√§ne ab Freitag / SWP Online - AMP ,nan
2593,Weltweite Reisewarnung f√ºr nicht notwendige, touristische Reisen Reisewarnung Ausw√§rtigesAmt CoronaVirus Corona Covid19 Warnung Reisen Zuhausebleiben SafetyFirst WirbleibenZuhause nichtsriskieren ,nan
2929,Guter Plan! Ist vielleicht nicht jedem Polizisten m√∂glich, aber der NYPD Ableger Germany macht Homeoffice Covid_19 ,nan
10,Engel schlafen nicht!!!,Portuguese
2257,Auf der Website finden Sie eine Auswahl von Liefer- und Unterst√ºtzungsangebote f√ºr Lebensmittel, Medikamente und warme Mahlzeiten.
<USERNAME> <USERNAME> BleibtZuhause covid19 CoronaInfoCH solidarit√§tüëè ,nan
